lsoacode,employ_population
E01000001,868
E01000002,875
E01000003,1002
E01000005,494
E01032739,1184
E01032740,932
E01000006,886
E01000007,1378
E01000008,644
E01000009,783
E01000011,736
E01000012,900
E01000013,802
E01000014,797
E01000015,1068
E01000016,862
E01000017,747
E01000018,835
E01000019,689
E01000020,898
E01000021,681
E01000022,636
E01000024,627
E01000025,845
E01000027,803
E01000028,688
E01000029,777
E01000030,979
E01000031,790
E01000032,876
E01000033,592
E01000034,649
E01000035,818
E01000036,695
E01000037,855
E01000038,783
E01000039,822
E01000040,737
E01000041,818
E01000042,708
E01000043,705
E01000044,896
E01000045,734
E01000046,859
E01000049,679
E01000050,819
E01000051,574
E01000052,972
E01000053,680
E01000054,821
E01000055,744
E01000056,702
E01000057,650
E01000058,931
E01000059,791
E01000060,865
E01000061,756
E01000062,1027
E01000063,802
E01000064,1021
E01000065,815
E01000066,976
E01000067,933
E01000068,849
E01000069,1015
E01000070,889
E01000071,1213
E01000072,864
E01000073,787
E01000074,751
E01000075,956
E01000076,855
E01000077,718
E01000078,782
E01000079,723
E01000080,827
E01000081,890
E01000082,858
E01000083,777
E01000084,632
E01000085,732
E01000086,643
E01000087,701
E01000088,815
E01000089,781
E01000090,732
E01000091,802
E01000093,692
E01000094,1122
E01000095,956
E01000096,602
E01000097,795
E01000098,788
E01000099,1295
E01000100,809
E01000101,743
E01000102,748
E01000103,807
E01000104,818
E01000105,1022
E01000106,860
E01000107,736
E01000108,852
E01000110,737
E01000111,967
E01000112,914
E01000113,948
E01000114,1045
E01032580,631
E01033587,1250
E01034469,791
E01034470,676
E01034471,1115
E01034472,815
E01034473,544
E01034474,1072
E01034475,767
E01034476,787
E01034477,773
E01034478,708
E01034479,854
E01000115,673
E01000116,827
E01000117,818
E01000118,1001
E01000119,851
E01000120,705
E01000121,627
E01000122,738
E01000123,974
E01000124,870
E01000126,1017
E01000127,700
E01000128,914
E01000129,718
E01000130,931
E01000131,962
E01000132,735
E01000133,732
E01000134,813
E01000135,781
E01000136,667
E01000137,689
E01000138,760
E01000139,724
E01000140,1034
E01000141,1004
E01000142,1076
E01000143,742
E01000144,815
E01000145,652
E01000146,1023
E01000147,972
E01000150,1137
E01000151,582
E01000152,1331
E01000153,830
E01000154,906
E01000156,1013
E01000157,813
E01000158,746
E01000159,883
E01000160,1060
E01000161,937
E01000162,700
E01000163,771
E01000164,769
E01000165,843
E01000166,716
E01000167,668
E01000168,705
E01000169,829
E01000170,902
E01000171,1064
E01000172,737
E01000173,815
E01000174,810
E01000175,1026
E01000176,746
E01000177,869
E01000178,812
E01000179,1021
E01000180,759
E01000181,968
E01000182,882
E01000183,673
E01000184,822
E01000185,628
E01000186,840
E01000187,707
E01000188,723
E01000189,1239
E01000190,793
E01000191,673
E01000192,953
E01000193,964
E01000194,851
E01000195,885
E01000196,1098
E01000197,1012
E01000198,978
E01000199,697
E01000200,872
E01000201,703
E01000202,862
E01000203,798
E01000204,851
E01000205,749
E01000206,691
E01000207,663
E01000208,846
E01000209,650
E01000210,776
E01000211,1024
E01000212,677
E01000213,615
E01000214,910
E01000215,793
E01000216,864
E01000217,796
E01000218,783
E01000219,977
E01000220,780
E01000221,493
E01000222,881
E01000223,865
E01000224,708
E01000225,694
E01000226,789
E01000227,929
E01000228,703
E01000229,785
E01000230,831
E01000231,878
E01000232,873
E01000233,997
E01000234,914
E01000235,886
E01000236,843
E01000237,1065
E01000238,910
E01000239,1020
E01000240,858
E01000241,888
E01000242,677
E01000243,1104
E01000244,811
E01000245,960
E01000246,733
E01000247,899
E01000248,852
E01000249,789
E01000250,1316
E01000251,1011
E01000252,889
E01000253,948
E01000254,776
E01000255,767
E01000256,875
E01000257,1052
E01000258,917
E01000259,1243
E01000260,1072
E01000261,751
E01000263,755
E01000264,978
E01000265,913
E01000266,682
E01000267,840
E01000268,1007
E01000269,675
E01000270,754
E01000271,769
E01000272,636
E01000273,804
E01000274,940
E01000275,841
E01000276,714
E01000277,815
E01000278,658
E01000279,604
E01000280,625
E01000281,988
E01000282,885
E01000283,652
E01000284,934
E01000285,689
E01000286,776
E01000287,734
E01000288,764
E01000289,658
E01000290,724
E01000291,730
E01000292,684
E01000293,911
E01000294,840
E01000295,876
E01000296,1007
E01000297,757
E01000298,932
E01000299,1018
E01000300,875
E01000301,686
E01000302,844
E01000303,714
E01000304,862
E01000305,850
E01000306,1065
E01000307,750
E01000308,1191
E01000309,1025
E01000310,1049
E01000311,754
E01000312,854
E01000313,954
E01000314,1150
E01000315,772
E01000316,1083
E01000317,748
E01000318,855
E01000319,699
E01000320,992
E01000321,1070
E01000322,901
E01000323,1223
E01000324,924
E01033911,912
E01033912,860
E01033913,578
E01033914,772
E01033915,551
E01033916,829
E01033917,862
E01033918,815
E01033919,801
E01033920,905
E01033921,918
E01033922,997
E01033923,717
E01033924,662
E01033925,872
E01000325,801
E01000326,714
E01000327,752
E01000328,753
E01000329,800
E01000330,776
E01000331,765
E01000332,728
E01000333,868
E01000334,794
E01000335,1426
E01000336,862
E01000337,838
E01000338,966
E01000339,749
E01000340,760
E01000341,714
E01000342,831
E01000343,733
E01000344,790
E01000345,712
E01000346,821
E01000347,735
E01000348,785
E01000349,818
E01000350,796
E01000351,817
E01000352,789
E01000353,717
E01000354,711
E01000355,668
E01000356,678
E01000357,725
E01000358,791
E01000359,621
E01000360,956
E01000361,847
E01000362,912
E01000363,747
E01000364,832
E01000365,779
E01000366,866
E01000367,978
E01000368,753
E01000369,834
E01000370,745
E01000371,836
E01000372,737
E01000373,640
E01000374,649
E01000375,1108
E01000376,870
E01000377,734
E01000379,874
E01000380,902
E01000381,717
E01000382,765
E01000383,725
E01000384,870
E01000385,839
E01000386,635
E01000387,761
E01000388,683
E01000389,811
E01000390,634
E01000391,885
E01000392,989
E01000393,867
E01000394,782
E01000395,786
E01000396,756
E01000398,721
E01000399,773
E01000400,769
E01000401,771
E01000402,722
E01000403,991
E01000404,1015
E01000405,755
E01000406,1109
E01000407,912
E01000408,841
E01000409,893
E01000410,891
E01000411,746
E01000412,962
E01000413,698
E01000414,920
E01000415,722
E01000416,736
E01000417,820
E01000418,952
E01000419,698
E01000420,733
E01000421,749
E01000422,565
E01000423,761
E01000424,868
E01000425,804
E01000426,915
E01000427,916
E01000428,852
E01000429,725
E01000430,992
E01000431,490
E01000433,823
E01000434,684
E01000435,668
E01000436,864
E01000437,714
E01000438,786
E01000439,647
E01000440,679
E01000441,786
E01000442,814
E01000443,646
E01000444,763
E01000445,789
E01000446,842
E01000447,1054
E01000448,653
E01000449,700
E01000450,867
E01000451,925
E01000452,794
E01000453,764
E01000454,778
E01000455,891
E01000456,729
E01000457,1066
E01000458,687
E01000459,821
E01000460,626
E01000461,802
E01000462,955
E01000463,645
E01000464,656
E01000465,725
E01000466,738
E01000467,726
E01000468,1278
E01000469,828
E01000470,502
E01032566,896
E01033789,896
E01033790,595
E01033791,671
E01033792,728
E01000471,916
E01000472,1223
E01000473,1294
E01000474,1108
E01000475,1020
E01000476,1079
E01000477,1190
E01000478,1199
E01000479,790
E01000480,798
E01000481,746
E01000483,769
E01000484,727
E01000485,694
E01000486,778
E01000487,897
E01000488,861
E01000489,855
E01000490,1000
E01000491,1024
E01000492,641
E01000493,794
E01000494,790
E01000495,806
E01000497,994
E01000498,619
E01000499,757
E01000501,857
E01000502,732
E01000503,922
E01000504,936
E01000505,709
E01000506,779
E01000507,756
E01000508,921
E01000509,594
E01000510,681
E01000511,742
E01000512,799
E01000513,766
E01000514,789
E01000515,879
E01000516,1202
E01000517,766
E01000518,917
E01000519,957
E01000520,731
E01000521,923
E01000522,835
E01000523,1026
E01000524,1061
E01000525,853
E01000526,860
E01000527,730
E01000528,756
E01000530,943
E01000531,870
E01000532,836
E01000533,917
E01000534,937
E01000535,1053
E01000536,731
E01000538,752
E01000539,752
E01000540,734
E01000541,705
E01000543,791
E01000544,876
E01000545,1051
E01000546,875
E01000547,873
E01000548,1136
E01000549,1118
E01000550,928
E01000551,1322
E01000552,635
E01000553,1067
E01000554,957
E01000555,757
E01000556,1120
E01000557,927
E01000558,672
E01000559,767
E01000560,854
E01000561,981
E01000562,735
E01000563,812
E01000564,788
E01000565,656
E01000566,782
E01000567,651
E01000568,1129
E01000569,738
E01000570,762
E01000571,901
E01000572,721
E01000573,823
E01000574,857
E01000575,1196
E01000576,967
E01000577,1110
E01000578,967
E01000579,858
E01000580,1007
E01000581,764
E01000582,914
E01000583,1110
E01000584,796
E01000585,850
E01000586,1400
E01000587,828
E01000589,1275
E01000590,976
E01000591,1057
E01000592,957
E01000593,1013
E01000594,941
E01000595,650
E01000596,633
E01000599,796
E01000601,461
E01000602,558
E01000603,549
E01000604,671
E01000605,573
E01000606,853
E01000607,1204
E01000608,1147
E01000609,1009
E01000610,986
E01000611,998
E01000612,841
E01000613,831
E01000615,1315
E01000616,1076
E01000617,1146
E01000618,810
E01000619,775
E01000620,822
E01000621,904
E01000622,842
E01000623,930
E01000624,802
E01000625,703
E01000626,673
E01000627,918
E01000628,775
E01000629,945
E01000630,1365
E01000631,1002
E01000632,1164
E01000633,1200
E01000634,1267
E01000636,1342
E01000637,736
E01000638,990
E01000639,979
E01000640,989
E01000641,853
E01000642,1271
E01000643,900
E01000644,944
E01033455,523
E01033456,973
E01033457,1059
E01033463,1626
E01033485,783
E01033929,730
E01033930,868
E01033931,575
E01033932,705
E01033933,487
E01033934,602
E01033935,1061
E01033936,880
E01033937,512
E01033938,487
E01033939,990
E01033940,1082
E01033941,821
E01033942,887
E01000645,720
E01000646,899
E01000647,902
E01000648,989
E01000649,998
E01000650,768
E01000651,808
E01000652,845
E01000653,652
E01000654,660
E01000655,683
E01000656,765
E01000657,806
E01000658,583
E01000659,789
E01000661,1229
E01000662,926
E01000663,773
E01000664,819
E01000665,924
E01000666,882
E01000667,779
E01000668,1196
E01000669,965
E01000670,1023
E01000671,1203
E01000672,863
E01000673,883
E01000674,930
E01000676,1076
E01000677,1065
E01000678,977
E01000679,980
E01000680,786
E01000681,892
E01000682,711
E01000683,854
E01000684,1019
E01000685,814
E01000686,671
E01000687,766
E01000688,671
E01000689,679
E01000690,662
E01000691,783
E01000692,828
E01000693,564
E01000694,1067
E01000695,733
E01000696,726
E01000697,969
E01000698,537
E01000699,832
E01000700,830
E01000701,805
E01000702,851
E01000703,899
E01000704,788
E01000705,721
E01000706,729
E01000707,804
E01000708,863
E01000709,727
E01000710,1428
E01000711,1113
E01000712,1021
E01000713,1042
E01000714,1242
E01000715,939
E01000716,750
E01000717,936
E01000718,1028
E01000719,999
E01000720,802
E01000721,685
E01000722,936
E01000723,567
E01000724,733
E01000725,821
E01000726,650
E01000727,807
E01000728,713
E01000729,854
E01000730,772
E01000731,640
E01000732,747
E01000733,825
E01000734,670
E01000735,688
E01000736,747
E01000737,649
E01000738,829
E01000739,671
E01000741,1146
E01000742,1262
E01000743,854
E01000744,687
E01000745,1098
E01000746,1183
E01000747,964
E01000748,762
E01000749,726
E01000750,564
E01000751,1081
E01000752,779
E01000753,861
E01000754,886
E01000755,772
E01000756,762
E01000757,699
E01000758,706
E01000759,817
E01000760,736
E01000761,736
E01000762,885
E01000763,711
E01000764,877
E01000765,867
E01000766,871
E01000767,777
E01000768,667
E01000769,658
E01000770,653
E01000771,783
E01000772,711
E01000773,764
E01000774,754
E01000775,1094
E01000777,820
E01000778,849
E01000779,657
E01000780,756
E01000781,702
E01000782,676
E01000783,742
E01000784,783
E01000785,727
E01000786,658
E01000787,645
E01000788,742
E01000789,717
E01000790,1308
E01000791,684
E01000792,683
E01000793,714
E01000794,672
E01000795,593
E01000796,707
E01000797,836
E01000798,777
E01000799,967
E01000800,953
E01000801,767
E01000802,1059
E01000803,881
E01000804,730
E01000805,919
E01000806,905
E01000807,787
E01000808,713
E01000809,724
E01000810,706
E01000811,679
E01000812,759
E01000813,712
E01000814,694
E01000815,684
E01000816,783
E01000818,854
E01000819,882
E01000820,751
E01000822,819
E01000823,905
E01000824,784
E01000825,860
E01000826,745
E01000827,805
E01000828,822
E01000829,955
E01000830,729
E01000831,774
E01000832,744
E01000833,706
E01000834,705
E01000835,861
E01000836,712
E01000837,720
E01000838,661
E01000839,668
E01000840,582
E01000841,842
E01032562,704
E01032563,642
E01032568,739
E01032570,740
E01034383,766
E01034384,788
E01034385,741
E01034386,828
E01000842,819
E01000843,719
E01000844,940
E01000845,830
E01000846,618
E01000847,686
E01000848,875
E01000849,828
E01000850,751
E01000851,625
E01000853,516
E01000855,687
E01000856,752
E01000857,703
E01000858,887
E01000859,814
E01000860,506
E01000861,766
E01000862,944
E01000863,757
E01000866,971
E01000867,825
E01000868,780
E01000869,1032
E01000870,838
E01000871,838
E01000872,991
E01000873,940
E01000874,826
E01000875,939
E01000876,1003
E01000877,853
E01000878,795
E01000879,705
E01000880,749
E01000881,726
E01000882,808
E01000883,912
E01000884,711
E01000885,612
E01000886,756
E01000887,813
E01000888,713
E01000889,731
E01000890,488
E01000891,616
E01000892,944
E01000893,792
E01000894,632
E01000895,807
E01000896,796
E01000897,816
E01000898,864
E01000899,811
E01000900,879
E01000901,796
E01000902,570
E01000903,738
E01000904,964
E01000905,751
E01000906,888
E01000907,648
E01000908,685
E01000909,784
E01000910,748
E01000911,677
E01000912,756
E01000913,796
E01000914,715
E01000915,636
E01000916,997
E01000917,652
E01000918,774
E01000919,653
E01000920,858
E01000921,1179
E01000922,863
E01000923,799
E01000924,912
E01000925,594
E01000926,768
E01000927,835
E01000928,938
E01000929,740
E01000930,860
E01000931,948
E01000932,1087
E01000933,952
E01000934,643
E01000935,705
E01000937,370
E01000938,604
E01000939,506
E01000941,449
E01000942,443
E01000943,450
E01000944,546
E01000946,758
E01000947,830
E01000948,752
E01000949,761
E01000951,546
E01000952,673
E01000954,550
E01000955,474
E01000956,569
E01000957,710
E01000958,1105
E01000959,620
E01000960,1038
E01000961,793
E01000962,1010
E01000963,858
E01000964,926
E01000965,978
E01000966,1003
E01000967,709
E01000968,932
E01000969,1180
E01000970,974
E01000971,751
E01000972,968
E01000973,1458
E01000974,859
E01035707,1418
E01035708,745
E01035709,592
E01035710,840
E01035711,760
E01035712,843
E01000975,1360
E01000976,1124
E01000977,935
E01000978,941
E01000979,1017
E01000980,712
E01000981,928
E01000982,901
E01000983,1060
E01000984,883
E01000985,695
E01000986,857
E01000987,733
E01000989,902
E01000990,578
E01000991,826
E01000992,899
E01000993,818
E01000994,757
E01000995,790
E01000996,633
E01000997,656
E01000998,719
E01000999,598
E01001000,655
E01001001,656
E01001002,684
E01001003,758
E01001004,1059
E01001005,833
E01001006,856
E01001007,944
E01001008,704
E01001009,958
E01001010,748
E01001011,990
E01001012,964
E01001013,785
E01001015,650
E01001016,812
E01001017,828
E01001018,830
E01001019,675
E01001020,777
E01001021,546
E01001022,683
E01001023,1351
E01001024,670
E01001025,707
E01001026,916
E01001027,1534
E01001028,785
E01001029,793
E01001030,731
E01001031,761
E01001032,721
E01001033,950
E01001034,904
E01001035,1011
E01001036,772
E01001037,847
E01001038,1110
E01001039,796
E01001040,957
E01001041,910
E01001042,1154
E01001044,982
E01001046,972
E01001047,956
E01001049,708
E01001050,812
E01001051,607
E01001052,545
E01001053,702
E01001054,748
E01001055,662
E01001056,679
E01001057,631
E01001058,685
E01001059,712
E01001060,797
E01001061,851
E01001062,664
E01001063,792
E01001064,781
E01001065,694
E01001066,593
E01001067,786
E01001068,944
E01001069,718
E01001070,803
E01001071,1011
E01001072,667
E01001073,711
E01001074,955
E01001075,882
E01001076,673
E01001077,657
E01001078,629
E01001079,718
E01001080,520
E01001081,632
E01001082,734
E01001083,746
E01001084,920
E01001085,876
E01001086,864
E01001087,1366
E01001088,836
E01001089,850
E01001090,1142
E01001091,770
E01001092,843
E01001093,906
E01001094,784
E01001095,764
E01001096,711
E01001097,1179
E01001098,734
E01001099,773
E01001100,825
E01001101,727
E01001102,632
E01001103,694
E01001104,823
E01001105,861
E01001106,747
E01001107,745
E01001108,832
E01001109,1050
E01001110,997
E01001111,907
E01001112,968
E01001113,1057
E01001114,695
E01001115,717
E01001116,688
E01001118,912
E01001119,673
E01001120,645
E01001121,591
E01001122,673
E01001123,803
E01001124,680
E01001125,752
E01001126,704
E01001127,769
E01001128,633
E01001129,690
E01001130,610
E01001131,776
E01001132,759
E01001133,717
E01001134,815
E01001135,785
E01001136,1108
E01001137,1137
E01001138,815
E01001139,857
E01001140,925
E01001141,654
E01001142,936
E01001143,939
E01001144,914
E01001145,767
E01001146,740
E01001147,825
E01001148,857
E01001149,786
E01001150,914
E01001151,775
E01001152,1032
E01001153,821
E01001154,978
E01001155,678
E01001156,898
E01001157,818
E01001158,772
E01001159,933
E01001160,897
E01001161,775
E01001162,948
E01001163,1020
E01001164,1209
E01001165,1026
E01001166,858
E01001167,1147
E01001168,994
E01001169,799
E01001170,916
E01001171,744
E01001172,883
E01001173,1407
E01001174,734
E01001175,711
E01001176,796
E01001177,786
E01001178,638
E01001179,747
E01001180,908
E01001181,824
E01001182,645
E01001183,789
E01001184,654
E01001185,909
E01001186,820
E01001187,985
E01001188,931
E01001189,638
E01001190,818
E01001191,986
E01001192,834
E01001193,802
E01001194,885
E01032569,779
E01034139,842
E01034140,636
E01034141,795
E01034142,698
E01034143,843
E01034144,769
E01034145,611
E01034146,781
E01034147,848
E01034148,1075
E01034149,1216
E01034150,813
E01034151,763
E01034152,814
E01001195,820
E01001196,696
E01001197,847
E01001198,855
E01001199,870
E01001200,894
E01001201,896
E01001202,1208
E01001203,862
E01001204,769
E01001205,756
E01001206,577
E01001207,1039
E01001208,633
E01001209,861
E01001210,653
E01001211,879
E01001212,830
E01001213,815
E01001214,684
E01001215,774
E01001216,642
E01001217,663
E01001218,828
E01001219,794
E01001220,570
E01001223,750
E01001224,816
E01001225,954
E01001226,839
E01001227,827
E01001228,1129
E01001229,730
E01001230,766
E01001231,1088
E01001232,705
E01001233,771
E01001234,817
E01001235,1086
E01001236,817
E01001237,904
E01001239,720
E01001240,958
E01001241,1005
E01001242,792
E01001243,1207
E01001244,1303
E01001245,1242
E01001246,1005
E01001247,1023
E01001248,759
E01001249,1173
E01001250,1029
E01001251,943
E01001252,1248
E01001253,1095
E01001254,901
E01001255,804
E01001257,971
E01001258,855
E01001259,743
E01001260,980
E01001261,1141
E01001262,674
E01001263,843
E01001264,817
E01001265,885
E01001266,902
E01001267,855
E01001268,906
E01001269,1214
E01001270,897
E01001271,949
E01001272,863
E01001273,800
E01001274,707
E01001275,995
E01001276,909
E01001277,1014
E01001278,958
E01001279,663
E01001280,840
E01001281,776
E01001282,690
E01001283,740
E01001284,810
E01001285,827
E01001286,735
E01001287,600
E01001288,706
E01001289,696
E01001290,1100
E01001291,820
E01001292,808
E01001293,808
E01001294,872
E01001295,851
E01001296,643
E01001297,767
E01001298,870
E01001299,852
E01001300,836
E01001301,1045
E01001302,874
E01001303,839
E01001304,918
E01001305,868
E01001306,864
E01001307,1000
E01001308,975
E01001309,951
E01001310,1072
E01001311,1323
E01001312,995
E01001313,851
E01001314,755
E01001315,737
E01001316,726
E01001317,991
E01001318,851
E01001319,785
E01001320,658
E01001321,956
E01001322,986
E01001323,899
E01001324,748
E01001325,842
E01001326,792
E01001327,862
E01001328,797
E01001329,834
E01001330,753
E01001331,731
E01001332,663
E01001333,976
E01001334,545
E01001335,818
E01001336,798
E01001337,1090
E01001338,788
E01001339,993
E01001340,692
E01001341,848
E01001342,926
E01001343,690
E01001344,1080
E01001345,824
E01001346,923
E01001347,993
E01001348,781
E01001349,646
E01001350,761
E01001351,1021
E01001352,927
E01001353,778
E01001354,1071
E01001355,1130
E01001356,539
E01001357,1532
E01001358,1078
E01001359,968
E01001360,996
E01001361,899
E01001362,1030
E01001363,801
E01001364,691
E01001365,1042
E01001366,765
E01001367,1094
E01001368,718
E01001369,803
E01001370,952
E01001371,858
E01001372,1068
E01001373,869
E01001374,1161
E01001375,929
E01001376,888
E01001377,816
E01001379,937
E01001380,1385
E01001381,1041
E01001382,756
E01001383,960
E01001384,1020
E01001385,923
E01001386,1016
E01001387,903
E01001388,683
E01001389,887
E01032572,954
E01032743,980
E01032744,654
E01034026,908
E01034027,1069
E01034028,729
E01034029,860
E01034030,1091
E01034031,714
E01001390,1016
E01001391,967
E01001392,1014
E01001393,1094
E01001394,930
E01001395,742
E01001396,744
E01001397,921
E01001398,658
E01001399,739
E01001400,695
E01001401,639
E01001402,913
E01001403,785
E01001404,662
E01001405,719
E01001406,786
E01001407,761
E01001408,865
E01001409,909
E01001410,813
E01001411,878
E01001412,815
E01001413,782
E01001414,618
E01001415,1004
E01001416,865
E01001417,896
E01001418,764
E01001419,878
E01001420,758
E01001421,744
E01001422,764
E01001423,669
E01001424,465
E01001425,731
E01001426,710
E01001427,626
E01001428,701
E01001429,799
E01001430,701
E01001431,697
E01001432,771
E01001433,704
E01001434,714
E01001435,629
E01001436,767
E01001437,860
E01001438,673
E01001439,793
E01001440,653
E01001441,581
E01001442,583
E01001444,732
E01001445,1259
E01001446,791
E01001447,749
E01001448,808
E01001449,687
E01001450,1146
E01001451,794
E01001452,629
E01001453,752
E01001454,730
E01001455,716
E01001456,709
E01001457,891
E01001458,657
E01001459,702
E01001460,847
E01001461,575
E01001462,586
E01001463,710
E01001464,545
E01001465,716
E01001466,834
E01001467,883
E01001468,685
E01001469,848
E01001470,758
E01001471,890
E01001472,830
E01001473,711
E01001474,883
E01001475,879
E01001476,675
E01001477,747
E01001478,739
E01001479,707
E01001480,662
E01001481,694
E01001482,693
E01001483,463
E01001484,578
E01001485,688
E01001486,856
E01001487,749
E01001488,797
E01001489,714
E01001491,841
E01001492,867
E01001493,842
E01001494,657
E01001495,1033
E01001496,948
E01001497,617
E01001498,961
E01001499,704
E01001500,697
E01001501,1063
E01001502,809
E01001503,744
E01001504,760
E01001505,826
E01001507,907
E01001508,945
E01001509,673
E01001511,868
E01001512,1164
E01001513,808
E01001514,839
E01001515,804
E01001516,900
E01001517,643
E01001518,820
E01001520,799
E01001521,902
E01001522,851
E01001523,808
E01001524,751
E01001525,895
E01001526,774
E01001527,1009
E01001528,778
E01001529,948
E01001530,793
E01001531,736
E01001532,871
E01001533,715
E01001534,833
E01001535,651
E01001536,951
E01001537,849
E01001538,828
E01001539,812
E01001540,916
E01001541,782
E01001542,728
E01001543,780
E01001544,806
E01001545,691
E01001546,744
E01001547,840
E01001548,725
E01001549,726
E01001550,736
E01001551,696
E01001552,827
E01001553,642
E01001554,616
E01001555,974
E01001556,747
E01001557,685
E01001558,766
E01001559,827
E01001560,702
E01001562,830
E01001563,925
E01001564,821
E01001565,870
E01001566,908
E01001567,758
E01001568,986
E01001569,877
E01001570,914
E01032574,860
E01033146,600
E01033148,962
E01033150,675
E01033151,505
E01033926,1006
E01033927,820
E01033928,682
E01001571,945
E01001572,863
E01001573,748
E01001574,726
E01001575,683
E01001576,782
E01001577,815
E01001578,1149
E01001579,741
E01001580,961
E01001581,881
E01001582,677
E01001583,904
E01001584,785
E01001585,802
E01001586,665
E01001587,1136
E01001588,734
E01001589,900
E01001590,983
E01001591,913
E01001592,1157
E01001593,960
E01001594,1252
E01001595,944
E01001596,816
E01001597,771
E01001598,792
E01001599,783
E01001600,774
E01001601,721
E01001602,895
E01001603,755
E01001604,750
E01001605,750
E01001606,862
E01001607,777
E01001608,669
E01001609,785
E01001610,867
E01001611,817
E01001613,795
E01001614,715
E01001615,1052
E01001617,790
E01001618,922
E01001619,1117
E01001620,704
E01001621,754
E01001623,861
E01001624,791
E01001625,736
E01001629,952
E01001631,897
E01001632,938
E01001633,907
E01001634,715
E01001635,853
E01001636,778
E01001637,882
E01001638,817
E01001641,1069
E01001642,944
E01001644,1624
E01001645,846
E01001646,1389
E01001647,695
E01001648,923
E01001649,718
E01001650,804
E01001651,785
E01001652,888
E01001653,671
E01001654,673
E01001655,706
E01001656,602
E01001657,824
E01001658,801
E01001659,728
E01001660,672
E01001661,710
E01001664,1274
E01001665,1119
E01001666,1034
E01001669,1074
E01001671,788
E01001672,923
E01001673,969
E01001674,970
E01001675,1202
E01001676,814
E01001677,903
E01001678,837
E01001679,691
E01001680,770
E01001681,676
E01001682,638
E01001683,711
E01001684,670
E01001685,745
E01001686,910
E01001687,618
E01001688,1121
E01001690,794
E01001692,589
E01001693,610
E01001694,807
E01001695,770
E01001696,1406
E01001697,1296
E01001698,805
E01001699,756
E01001700,1066
E01001701,897
E01001702,589
E01001703,818
E01001704,784
E01001705,982
E01001708,844
E01001710,709
E01001712,973
E01032567,800
E01033727,1317
E01033728,1240
E01033729,865
E01033732,675
E01033734,937
E01033735,714
E01033736,1710
E01033737,1016
E01033738,1081
E01033739,833
E01033740,777
E01033741,1015
E01033742,816
E01033743,859
E01033744,842
E01033745,835
E01033746,769
E01034173,739
E01034174,639
E01034175,945
E01034176,905
E01034177,837
E01034178,1052
E01034179,740
E01034180,571
E01034181,1108
E01034182,915
E01034183,931
E01034184,767
E01034185,777
E01034186,1041
E01034187,743
E01034188,901
E01034189,843
E01034190,832
E01034191,1032
E01034192,1278
E01034193,914
E01034194,889
E01034195,651
E01034196,859
E01034198,1209
E01001714,1121
E01001715,884
E01001716,884
E01001717,608
E01001718,1180
E01001719,876
E01001720,1111
E01001722,999
E01001723,1009
E01001724,1722
E01001725,695
E01001726,531
E01001727,784
E01001728,711
E01001729,867
E01001730,1214
E01001731,1505
E01001732,833
E01001733,1087
E01001734,1113
E01001735,796
E01001736,948
E01001737,1034
E01001738,1063
E01001739,1235
E01001740,737
E01001741,846
E01001742,972
E01001744,1056
E01001745,1070
E01001746,676
E01001747,1426
E01001749,864
E01001750,1224
E01001751,937
E01001753,657
E01001755,834
E01001756,1321
E01001757,683
E01001758,1253
E01001759,913
E01001760,1112
E01001761,900
E01001762,1081
E01001763,960
E01001764,905
E01001765,751
E01001767,847
E01001768,1073
E01001769,869
E01001770,823
E01001772,879
E01001773,1456
E01001774,1144
E01001775,778
E01001776,914
E01001777,1590
E01001780,979
E01001781,743
E01001783,712
E01001784,879
E01001785,782
E01001786,1004
E01001787,686
E01001788,592
E01001789,860
E01001790,605
E01001791,653
E01001792,915
E01001793,878
E01001794,1041
E01001795,743
E01001796,910
E01001798,966
E01001799,614
E01001800,663
E01001801,596
E01001802,599
E01001803,1077
E01001804,618
E01001805,655
E01001806,777
E01001807,778
E01001808,643
E01001809,708
E01001811,745
E01001812,619
E01001813,691
E01001814,697
E01001815,747
E01001816,794
E01001819,800
E01001820,628
E01001821,622
E01001822,774
E01001823,664
E01001824,541
E01001825,521
E01001826,556
E01001827,630
E01001828,950
E01001829,1028
E01001830,1024
E01001831,1065
E01001832,918
E01001833,1179
E01001834,1180
E01001835,791
E01001836,1032
E01001837,857
E01001838,674
E01001839,1525
E01001840,723
E01001841,618
E01001842,794
E01001843,606
E01001844,1003
E01001845,688
E01001846,526
E01001847,733
E01001848,854
E01001849,1417
E01001850,724
E01033699,1001
E01033700,1770
E01033702,658
E01033703,783
E01033704,1703
E01033705,671
E01033706,1039
E01033708,1261
E01033709,1099
E01033710,632
E01033711,1144
E01033712,901
E01033713,843
E01035638,1036
E01035639,948
E01035640,812
E01035641,927
E01035642,1175
E01035643,989
E01035644,865
E01035645,701
E01035646,891
E01035647,849
E01035648,750
E01035649,862
E01035650,1021
E01001851,784
E01001852,1053
E01001853,876
E01001854,1064
E01001855,1031
E01001856,870
E01001857,734
E01001858,897
E01001859,1437
E01001860,910
E01001861,716
E01001862,958
E01001863,820
E01001864,839
E01001865,882
E01001866,780
E01001867,539
E01001868,593
E01001869,663
E01001870,1015
E01001871,787
E01001872,829
E01001873,789
E01001875,791
E01001876,1041
E01001877,722
E01001878,719
E01001879,792
E01001880,874
E01001881,1152
E01001882,1020
E01001883,1031
E01001884,964
E01001885,549
E01001886,781
E01001887,728
E01001888,864
E01001889,834
E01001890,1045
E01001891,1507
E01001892,662
E01001893,742
E01001894,775
E01001895,814
E01001896,797
E01001897,689
E01001898,1179
E01001899,818
E01001900,813
E01001901,945
E01001902,1043
E01001903,760
E01001904,1004
E01001905,916
E01001906,883
E01001907,698
E01001908,928
E01001909,1033
E01001910,829
E01001911,741
E01001912,594
E01001913,967
E01001914,945
E01001915,736
E01001916,554
E01001917,737
E01001918,826
E01001919,773
E01001920,731
E01001921,785
E01001922,847
E01001923,838
E01001924,858
E01001925,779
E01001926,779
E01001927,640
E01001928,845
E01001929,721
E01001930,811
E01001931,768
E01001932,936
E01001933,769
E01001934,940
E01001935,1160
E01001937,982
E01001938,802
E01001940,789
E01001941,1038
E01001942,1118
E01001943,1226
E01001944,656
E01001945,958
E01001946,1085
E01001947,616
E01001948,1078
E01001949,891
E01001950,837
E01001951,885
E01001952,1111
E01001953,848
E01001954,732
E01001955,966
E01001956,734
E01001957,624
E01001958,751
E01001959,789
E01001960,1092
E01001961,612
E01032788,956
E01032789,680
E01032790,510
E01035484,746
E01035485,610
E01035486,946
E01035487,825
E01001962,821
E01001963,923
E01001964,831
E01001965,828
E01001966,703
E01001967,755
E01001968,903
E01001969,999
E01001970,1013
E01001971,854
E01001972,824
E01001973,1243
E01001974,1291
E01001975,1038
E01001976,905
E01001977,745
E01001978,907
E01001979,1099
E01001980,943
E01001981,997
E01001982,911
E01001983,872
E01001984,1010
E01001985,900
E01001986,856
E01001987,975
E01001988,1006
E01001989,931
E01001990,1303
E01001991,916
E01001992,861
E01001993,799
E01001994,949
E01001995,1257
E01001996,773
E01001997,987
E01001998,1185
E01001999,1337
E01002000,1072
E01002001,1035
E01002002,1002
E01002003,1416
E01002004,1055
E01002005,1033
E01002006,994
E01002007,809
E01002008,592
E01002009,829
E01002010,767
E01002011,987
E01002013,766
E01002014,1050
E01002015,682
E01002016,1108
E01002017,891
E01002018,679
E01002019,696
E01002020,885
E01002021,709
E01002022,1173
E01002023,673
E01002024,661
E01002025,798
E01002026,767
E01002027,740
E01002028,881
E01002029,1083
E01002030,875
E01002031,1052
E01002032,924
E01002033,871
E01002034,1012
E01002036,714
E01002037,683
E01002038,720
E01002039,587
E01002040,990
E01002041,807
E01002042,856
E01002043,958
E01002044,994
E01002045,939
E01002046,754
E01002047,1034
E01002048,1043
E01002049,896
E01002050,715
E01002051,830
E01002052,822
E01002053,879
E01002054,702
E01002055,759
E01002056,1658
E01002057,1020
E01002058,899
E01002059,817
E01002060,1029
E01002061,1025
E01002062,1113
E01002063,880
E01002064,839
E01002065,992
E01002066,1195
E01002067,886
E01002068,1185
E01002069,1059
E01002070,1514
E01002071,829
E01002072,882
E01002073,805
E01002074,915
E01002075,881
E01002076,868
E01002077,1054
E01002078,1415
E01002079,851
E01002081,804
E01002082,550
E01002083,808
E01002084,890
E01002085,1091
E01002086,861
E01002087,1005
E01002088,927
E01002089,466
E01002090,818
E01002091,738
E01002092,677
E01002093,686
E01002094,643
E01002095,692
E01002096,706
E01002097,718
E01002098,837
E01002099,860
E01002100,826
E01002101,1036
E01002102,911
E01002103,952
E01002104,740
E01002105,1203
E01032575,874
E01033086,495
E01033943,1400
E01033944,1022
E01033945,833
E01033946,944
E01002106,988
E01002107,900
E01002108,922
E01002109,923
E01002110,881
E01002111,1084
E01002112,976
E01002113,784
E01002114,925
E01002115,744
E01002116,780
E01002118,867
E01002119,1246
E01002120,542
E01002121,886
E01002122,929
E01002123,875
E01002124,868
E01002125,1008
E01002127,883
E01002128,1089
E01002129,1444
E01002130,1362
E01002131,797
E01002132,1032
E01002133,885
E01002134,761
E01002135,985
E01002136,1034
E01002137,646
E01002138,757
E01002139,631
E01002140,810
E01002141,823
E01002142,882
E01002143,740
E01002144,757
E01002145,725
E01002146,735
E01002147,641
E01002148,703
E01002149,651
E01002150,1011
E01002151,651
E01002152,761
E01002153,876
E01002155,841
E01002156,787
E01002157,856
E01002158,717
E01002159,990
E01002160,1283
E01002161,1029
E01002162,905
E01002163,827
E01002164,965
E01002165,912
E01002166,848
E01002167,825
E01002168,720
E01002169,783
E01002170,664
E01002171,808
E01002172,767
E01002173,965
E01002174,756
E01002175,669
E01002176,871
E01002177,768
E01002178,819
E01002179,1234
E01002181,1242
E01002182,1042
E01002183,918
E01002184,896
E01002185,850
E01002186,890
E01002187,873
E01002188,740
E01002189,841
E01002190,799
E01002191,1042
E01002192,765
E01002193,892
E01002194,867
E01002195,799
E01002196,860
E01002197,667
E01002198,974
E01002199,754
E01002200,1045
E01002201,875
E01002202,968
E01002203,905
E01002204,901
E01002206,683
E01002207,858
E01002208,651
E01002209,950
E01002210,776
E01002211,701
E01002212,829
E01002214,805
E01002215,724
E01002216,794
E01002217,1027
E01002218,874
E01002219,862
E01002220,778
E01002221,786
E01002222,798
E01002223,894
E01002224,721
E01002225,725
E01002226,1251
E01002227,837
E01002228,1045
E01002229,823
E01002230,873
E01002231,952
E01002232,886
E01002233,1112
E01002234,952
E01002235,778
E01002236,1086
E01002237,1202
E01002238,928
E01002239,957
E01002240,945
E01002241,880
E01002242,888
E01032576,855
E01034589,972
E01034590,761
E01034591,903
E01034592,470
E01034593,704
E01034594,838
E01034595,685
E01034596,769
E01034597,664
E01034598,837
E01034599,775
E01034600,968
E01002243,911
E01002244,922
E01002245,813
E01002246,828
E01002247,1154
E01002248,732
E01002250,927
E01002251,699
E01002252,742
E01002253,745
E01002254,742
E01002255,778
E01002256,749
E01002257,758
E01002258,804
E01002259,736
E01002260,889
E01002261,863
E01002262,872
E01002263,781
E01002264,713
E01002265,773
E01002266,742
E01002267,809
E01002268,720
E01002269,925
E01002270,807
E01002271,728
E01002272,674
E01002273,613
E01002274,849
E01002275,590
E01002276,973
E01002277,723
E01002278,769
E01002279,822
E01002280,773
E01002281,1101
E01002282,736
E01002283,787
E01002284,955
E01002285,664
E01002286,807
E01002287,788
E01002288,796
E01002289,865
E01002290,713
E01002291,747
E01002292,793
E01002294,694
E01002295,969
E01002296,783
E01002297,771
E01002298,792
E01002299,962
E01002300,1017
E01002301,765
E01002302,809
E01002303,938
E01002304,652
E01002305,788
E01002306,748
E01002307,944
E01002308,775
E01002309,773
E01002310,791
E01002311,849
E01002312,692
E01002313,1098
E01002314,777
E01002315,821
E01002316,768
E01002317,797
E01002318,755
E01002319,890
E01002320,812
E01002321,861
E01002322,1012
E01002323,901
E01002324,698
E01002325,909
E01002326,791
E01002327,756
E01002328,916
E01002329,850
E01002330,852
E01002331,793
E01002332,791
E01002333,638
E01002334,794
E01002335,658
E01002336,786
E01002337,607
E01002338,666
E01002339,771
E01002340,737
E01002341,692
E01002342,767
E01002343,835
E01002344,896
E01002345,884
E01002346,737
E01002347,722
E01002348,734
E01002349,736
E01002350,832
E01002351,957
E01002352,999
E01002353,972
E01002354,677
E01002355,814
E01002356,1100
E01002358,1146
E01002359,657
E01002360,648
E01002361,965
E01002362,794
E01002363,698
E01002364,642
E01002365,641
E01002366,774
E01002367,917
E01002368,1134
E01002369,944
E01002370,1156
E01002371,789
E01002372,830
E01002373,784
E01002374,840
E01002375,865
E01002376,732
E01002377,908
E01002378,914
E01002379,816
E01002380,1156
E01002381,717
E01002382,921
E01002383,814
E01002384,782
E01002385,768
E01002386,1040
E01002387,705
E01002388,787
E01002389,696
E01002390,687
E01002391,807
E01032741,837
E01032742,924
E01033784,837
E01033785,875
E01033786,740
E01033787,830
E01033788,730
E01002392,665
E01002393,941
E01002394,744
E01002395,623
E01002396,815
E01002397,766
E01002398,826
E01002399,768
E01002400,906
E01002401,990
E01002402,759
E01002403,1047
E01002404,803
E01002405,837
E01002408,691
E01002409,875
E01002410,908
E01002411,964
E01002412,1229
E01002413,696
E01002414,777
E01002415,902
E01002416,864
E01002417,946
E01002418,894
E01002419,917
E01002420,787
E01002421,849
E01002422,727
E01002423,873
E01002424,805
E01002425,749
E01002426,843
E01002427,755
E01002428,788
E01002429,736
E01002430,663
E01002431,628
E01002432,708
E01002433,1238
E01002434,636
E01002435,712
E01002436,813
E01002437,568
E01002438,738
E01002439,733
E01002440,802
E01002441,758
E01002442,827
E01002443,1074
E01002444,911
E01002445,728
E01002446,980
E01002447,1138
E01002448,998
E01002449,1023
E01002450,802
E01002451,744
E01002452,774
E01002453,863
E01002454,828
E01002455,847
E01002456,773
E01002457,749
E01002458,681
E01002459,774
E01002460,731
E01002461,755
E01002462,742
E01002463,729
E01002464,839
E01002465,891
E01002466,879
E01002467,748
E01002468,951
E01002469,875
E01002470,859
E01002471,883
E01002472,783
E01002473,789
E01002474,868
E01002475,729
E01002476,755
E01002477,619
E01002478,778
E01002479,870
E01002480,911
E01002481,765
E01002482,807
E01002483,959
E01002484,689
E01002485,1006
E01002486,988
E01002487,838
E01002488,792
E01002489,903
E01002490,983
E01002491,716
E01002492,787
E01002493,758
E01002494,927
E01002495,1021
E01002496,1025
E01002497,1267
E01002498,686
E01002499,1100
E01002501,764
E01002502,724
E01002503,799
E01002505,765
E01002506,872
E01002507,867
E01002508,833
E01002509,742
E01002511,738
E01002512,1047
E01002513,653
E01002514,1044
E01002516,714
E01002518,601
E01002519,1003
E01002520,979
E01002521,949
E01002523,784
E01002525,884
E01002526,1460
E01002527,733
E01002528,809
E01002529,1235
E01002530,779
E01002531,809
E01002533,738
E01002534,713
E01002535,1194
E01002536,741
E01002537,1296
E01002538,771
E01002539,766
E01002540,780
E01002541,1007
E01002542,800
E01002543,791
E01002544,806
E01002545,551
E01002546,755
E01002547,714
E01002548,817
E01002549,833
E01002550,911
E01002551,927
E01002552,834
E01002553,820
E01032577,886
E01034601,700
E01034602,753
E01034603,805
E01034604,650
E01034605,832
E01034606,780
E01034607,802
E01034608,1232
E01034609,952
E01034610,718
E01034611,539
E01034612,913
E01034613,599
E01034614,947
E01034615,1045
E01034616,805
E01034617,1130
E01002555,1047
E01002556,913
E01002557,993
E01002558,986
E01002559,1268
E01002560,912
E01002561,772
E01002562,617
E01002563,993
E01002564,895
E01002565,1268
E01002567,1002
E01002569,1144
E01002570,907
E01002571,655
E01002572,696
E01002573,798
E01002574,991
E01002575,858
E01002576,840
E01002577,932
E01002578,712
E01002579,803
E01002580,739
E01002581,1078
E01002582,881
E01002583,835
E01002584,975
E01002585,876
E01002586,914
E01002587,1062
E01002588,796
E01002589,1115
E01002590,1107
E01002591,964
E01002592,977
E01002593,1094
E01002594,1081
E01002595,1036
E01002596,1011
E01002598,980
E01002599,748
E01002600,784
E01002601,953
E01002602,783
E01002603,965
E01002604,683
E01002605,1045
E01002606,700
E01002607,1234
E01002608,848
E01002609,862
E01002610,714
E01002611,989
E01002612,1063
E01002613,940
E01002614,1062
E01002615,661
E01002616,787
E01002617,867
E01002618,911
E01002619,913
E01002620,1217
E01002621,934
E01002622,855
E01002623,834
E01002624,800
E01002625,766
E01002626,761
E01002627,691
E01002628,975
E01002629,1267
E01002630,995
E01002631,769
E01002632,853
E01002633,852
E01002634,670
E01002635,921
E01002636,955
E01002637,796
E01002638,920
E01002639,886
E01002640,1185
E01002641,1329
E01002643,1257
E01002645,1098
E01002646,946
E01002647,940
E01002649,992
E01002650,1132
E01002651,898
E01002652,939
E01002653,944
E01002654,964
E01002655,911
E01002656,728
E01002657,997
E01002658,716
E01002659,755
E01002660,1003
E01002661,1138
E01002662,1335
E01002663,961
E01002665,775
E01002666,916
E01002667,1093
E01002668,1151
E01002669,932
E01002670,994
E01002671,862
E01002672,811
E01002673,528
E01002674,1073
E01002675,1334
E01002676,867
E01002677,1163
E01002678,1050
E01002679,956
E01002680,1084
E01002681,1230
E01002682,1204
E01002686,770
E01002687,930
E01002689,743
E01002690,703
E01002691,869
E01002692,1180
E01002693,873
E01032573,1038
E01033000,732
E01033030,988
E01033081,893
E01033082,569
E01033083,1154
E01033084,894
E01034032,909
E01034033,1145
E01034034,875
E01034035,879
E01034036,847
E01034037,893
E01034038,811
E01034039,699
E01034040,789
E01034041,734
E01034042,600
E01034043,727
E01034044,682
E01034045,1150
E01034046,768
E01002694,731
E01002695,910
E01002696,1081
E01002697,909
E01002698,1259
E01002699,865
E01002700,731
E01002701,683
E01002702,1108
E01002703,1214
E01002704,1219
E01002706,985
E01002707,1002
E01002708,1085
E01002709,817
E01002710,739
E01002711,1000
E01002712,770
E01002713,1090
E01002714,948
E01002715,686
E01002716,1080
E01002717,621
E01002718,988
E01002719,826
E01002720,933
E01002721,962
E01002722,751
E01002723,729
E01002724,1103
E01002725,585
E01002726,834
E01002727,931
E01002728,471
E01002729,767
E01002730,1025
E01002732,791
E01002733,870
E01002734,1068
E01002735,1653
E01002736,523
E01002737,835
E01002738,1018
E01002739,1048
E01002740,1393
E01002741,698
E01002742,1169
E01002743,858
E01002744,822
E01002745,872
E01002747,890
E01002748,838
E01002749,791
E01002751,841
E01002752,923
E01002753,772
E01002754,814
E01002755,614
E01002756,748
E01002757,689
E01002758,752
E01002759,775
E01002760,772
E01002762,1175
E01002763,679
E01002764,871
E01002765,1228
E01002766,1054
E01002767,1089
E01002768,887
E01002769,907
E01002770,1061
E01002771,854
E01002772,1104
E01002773,684
E01002774,1270
E01002775,904
E01002776,1026
E01002777,1004
E01002778,820
E01002779,1022
E01002780,983
E01002781,961
E01002782,620
E01002783,758
E01002784,829
E01002785,1076
E01002786,988
E01002787,773
E01002788,1116
E01002789,1058
E01002790,621
E01002791,1048
E01002792,1134
E01002793,992
E01002794,1302
E01002795,1103
E01002796,573
E01002797,949
E01002798,1153
E01002799,913
E01002800,903
E01002801,904
E01002802,1034
E01002804,751
E01002805,955
E01002806,937
E01002807,826
E01002808,1079
E01002809,937
E01002810,919
E01002811,848
E01033486,509
E01033487,897
E01033488,838
E01033489,869
E01033490,660
E01033491,1198
E01033493,1024
E01033494,894
E01035651,915
E01035652,847
E01035653,1078
E01035654,602
E01035655,888
E01035656,858
E01002812,745
E01002813,800
E01002814,929
E01002815,603
E01002816,539
E01002817,644
E01002818,644
E01002819,530
E01002821,548
E01002823,510
E01002824,644
E01002825,763
E01002826,657
E01002827,947
E01002828,616
E01002829,735
E01002830,875
E01002831,858
E01002832,864
E01002833,717
E01002834,629
E01002835,725
E01002836,727
E01002837,564
E01002839,791
E01002840,409
E01002841,637
E01002842,334
E01002843,481
E01002844,556
E01002845,533
E01002846,653
E01002847,795
E01002848,715
E01002849,771
E01002850,733
E01002851,580
E01002852,890
E01002853,656
E01002854,476
E01002855,674
E01002856,698
E01002857,657
E01002858,630
E01002859,676
E01002860,559
E01002861,592
E01002862,489
E01002863,562
E01002864,622
E01002865,663
E01002866,924
E01002867,872
E01002868,624
E01002869,816
E01002870,680
E01002871,757
E01002872,538
E01002873,700
E01002874,623
E01002875,646
E01002876,803
E01002877,935
E01002878,744
E01002879,730
E01002880,417
E01002881,566
E01002882,505
E01002883,735
E01002884,740
E01002885,844
E01002886,692
E01002887,581
E01002888,751
E01002889,671
E01002890,574
E01002891,584
E01002892,636
E01002893,870
E01002894,697
E01002896,893
E01002897,860
E01002898,726
E01002899,548
E01002900,1024
E01002901,418
E01002902,638
E01002903,625
E01002904,467
E01002905,647
E01002906,778
E01002907,411
E01002908,690
E01002909,1184
E01002910,638
E01002911,679
E01002912,812
E01002913,873
E01002914,549
E01035713,1034
E01035714,1001
E01002915,635
E01002916,678
E01002917,698
E01002918,949
E01002919,977
E01002920,785
E01002921,1077
E01002922,831
E01002923,776
E01002924,721
E01002925,999
E01002926,825
E01002927,802
E01002928,927
E01002929,809
E01002930,1051
E01002931,984
E01002932,841
E01002933,971
E01002934,954
E01002935,1053
E01002937,951
E01002938,1001
E01002939,833
E01002940,808
E01002941,837
E01002942,690
E01002943,761
E01002944,700
E01002945,895
E01002946,823
E01002947,882
E01002948,1143
E01002949,958
E01002950,832
E01002951,740
E01002952,567
E01002953,593
E01002954,659
E01002955,718
E01002956,530
E01002957,762
E01002958,923
E01002959,613
E01002960,806
E01002961,840
E01002962,765
E01002963,949
E01002964,1125
E01002965,1207
E01002966,1053
E01002967,1103
E01002968,1496
E01002969,644
E01002970,899
E01002971,960
E01002972,1030
E01002973,691
E01002974,961
E01002975,673
E01002976,881
E01002977,749
E01002978,908
E01002979,721
E01002980,661
E01002981,756
E01002982,692
E01002983,814
E01002984,613
E01002985,856
E01002986,574
E01002987,1180
E01002988,826
E01002989,1233
E01002990,1125
E01002991,912
E01002992,655
E01002993,942
E01002994,714
E01002995,816
E01002996,813
E01002997,849
E01002998,788
E01002999,917
E01003000,916
E01003001,987
E01003002,971
E01003003,866
E01003004,870
E01003005,812
E01003006,711
E01003007,738
E01003008,679
E01003009,961
E01003010,730
E01003011,793
E01033569,964
E01034576,664
E01034577,737
E01003013,939
E01003014,714
E01003015,878
E01003016,527
E01003017,843
E01003018,1459
E01003019,1461
E01003020,1121
E01003021,823
E01003022,1042
E01003023,1663
E01003024,1028
E01003025,1187
E01003026,1046
E01003027,871
E01003028,907
E01003029,1251
E01003030,1263
E01003031,976
E01003032,1011
E01003033,932
E01003034,979
E01003035,1155
E01003036,1163
E01003037,773
E01003038,1165
E01003039,1405
E01003040,794
E01003041,832
E01003042,684
E01003043,1024
E01003044,651
E01003045,830
E01003046,844
E01003047,1062
E01003048,842
E01003049,945
E01003050,1092
E01003051,1311
E01003052,1049
E01003053,1282
E01003054,1728
E01003055,1006
E01003056,1228
E01003057,948
E01003058,1417
E01003059,1257
E01003060,952
E01003061,847
E01003062,1165
E01003063,666
E01003064,845
E01003065,722
E01003066,896
E01003067,811
E01003068,779
E01003069,646
E01003070,712
E01003071,1523
E01003072,974
E01003073,821
E01003074,1567
E01003075,820
E01003076,1625
E01003077,1213
E01003078,931
E01003079,916
E01003080,924
E01003081,999
E01003082,690
E01003083,785
E01003084,873
E01003085,866
E01003086,776
E01003087,705
E01003088,968
E01003089,1082
E01003090,1696
E01003091,1049
E01003092,1266
E01003093,1110
E01003094,940
E01003095,1073
E01003096,1467
E01003097,801
E01003098,857
E01003099,1001
E01003100,1549
E01003101,841
E01003102,1022
E01003104,1054
E01003105,882
E01003106,1177
E01003107,1233
E01003108,774
E01003110,1245
E01003111,825
E01003112,889
E01003113,1028
E01003114,1583
E01003115,924
E01003116,903
E01003117,1141
E01003118,948
E01003119,1211
E01003120,1457
E01003121,763
E01003122,1203
E01003123,1061
E01003124,756
E01003125,873
E01003126,969
E01003127,1290
E01003128,849
E01003129,1153
E01003130,1078
E01003131,1392
E01003132,669
E01003133,988
E01003134,872
E01003135,1095
E01003136,993
E01003137,838
E01003138,1008
E01003139,827
E01003140,739
E01003141,915
E01003142,712
E01003143,710
E01003144,837
E01003145,965
E01003146,901
E01003147,1156
E01003148,1090
E01003149,989
E01003150,1063
E01003151,984
E01003152,1157
E01003153,1549
E01003154,990
E01003155,1054
E01003156,990
E01003157,916
E01003158,1138
E01003159,1082
E01003160,836
E01003161,816
E01003162,973
E01003163,887
E01003164,1315
E01003165,853
E01003166,1487
E01003167,944
E01003168,767
E01003169,1416
E01003170,1002
E01003171,1096
E01003172,966
E01003173,1006
E01003174,977
E01003175,761
E01003176,986
E01003177,1035
E01003178,1041
E01003179,776
E01003180,904
E01003181,835
E01003182,1016
E01003183,801
E01003184,714
E01003185,1193
E01003186,1601
E01003187,1357
E01003188,661
E01032582,1241
E01033208,1065
E01033862,837
E01033863,632
E01033864,494
E01033865,794
E01033866,734
E01003189,757
E01003190,1001
E01003191,813
E01003192,786
E01003193,816
E01003194,819
E01003195,820
E01003196,787
E01003197,701
E01003198,808
E01003199,1152
E01003200,866
E01003201,875
E01003202,874
E01003203,1010
E01003204,862
E01003205,696
E01003206,806
E01003207,1152
E01003209,933
E01003210,1064
E01003211,988
E01003212,1124
E01003213,1164
E01003214,1015
E01003215,868
E01003216,889
E01003217,955
E01003218,749
E01003219,865
E01003220,808
E01003221,1026
E01003222,846
E01003223,824
E01003224,863
E01003225,885
E01003226,1041
E01003227,963
E01003228,944
E01003229,865
E01003230,1079
E01003231,914
E01003232,930
E01003233,943
E01003235,683
E01003236,784
E01003237,741
E01003238,634
E01003239,702
E01003240,840
E01003241,731
E01003243,713
E01003244,924
E01003245,789
E01003246,1384
E01003247,1320
E01003248,771
E01003249,1147
E01003251,772
E01003252,620
E01003253,736
E01003254,754
E01003255,1304
E01003256,1067
E01003257,818
E01003258,693
E01003259,963
E01003260,869
E01003261,882
E01003262,875
E01003263,848
E01003264,818
E01003265,841
E01003266,757
E01003267,806
E01003268,928
E01003269,792
E01003270,929
E01003271,790
E01003272,1144
E01003273,820
E01003274,907
E01003275,793
E01003276,975
E01003277,1044
E01003278,1094
E01003279,811
E01003280,730
E01003281,731
E01003282,1395
E01003283,1155
E01003284,1018
E01003285,934
E01003286,764
E01003287,1014
E01003288,1073
E01003290,1037
E01003291,711
E01003292,986
E01003293,829
E01003295,906
E01003297,953
E01003298,613
E01003299,983
E01003300,704
E01003301,1417
E01003302,933
E01003303,887
E01003304,1324
E01003305,1088
E01003307,872
E01003308,949
E01003309,752
E01003310,911
E01003311,789
E01003312,922
E01003313,747
E01003314,913
E01003315,768
E01003316,867
E01003318,947
E01003319,866
E01003320,835
E01003321,934
E01003322,901
E01003323,794
E01003324,774
E01003325,921
E01003326,867
E01003327,890
E01003328,997
E01003329,879
E01003330,714
E01003331,670
E01003332,805
E01003333,781
E01003334,982
E01003335,695
E01003336,712
E01003337,620
E01003338,962
E01003339,929
E01003340,1317
E01003341,797
E01003342,1009
E01003343,796
E01003344,941
E01003345,1133
E01003346,759
E01003347,617
E01003348,820
E01003349,670
E01003350,583
E01003351,711
E01003352,940
E01003353,888
E01003354,988
E01032564,599
E01032565,668
E01032579,1200
E01033320,821
E01033322,761
E01033324,784
E01033325,1025
E01033327,1300
E01033341,627
E01034387,1219
E01034388,871
E01034389,879
E01034390,915
E01034391,868
E01034392,841
E01034393,897
E01034394,970
E01034395,860
E01003355,1203
E01003356,1062
E01003357,831
E01003358,1138
E01003359,1011
E01003360,1173
E01003361,874
E01003362,692
E01003363,835
E01003364,873
E01003365,690
E01003366,939
E01003368,932
E01003369,1080
E01003370,1246
E01003371,931
E01003372,921
E01003373,663
E01003374,822
E01003375,813
E01003376,767
E01003377,714
E01003378,1130
E01003379,886
E01003380,930
E01003381,978
E01003382,1041
E01003383,1018
E01003384,994
E01003385,826
E01003386,1160
E01003387,1016
E01003388,836
E01003389,907
E01003390,804
E01003391,495
E01003392,735
E01003393,965
E01003394,1109
E01003395,811
E01003396,835
E01003397,808
E01003398,996
E01003399,862
E01003400,895
E01003401,789
E01003402,762
E01003403,784
E01003404,1040
E01003405,1193
E01003406,943
E01003407,1145
E01003408,1200
E01003409,892
E01003410,812
E01003411,968
E01003412,862
E01003413,1082
E01003414,802
E01003415,1221
E01003416,867
E01003417,806
E01003418,763
E01003419,914
E01003420,777
E01003421,814
E01003422,707
E01003423,837
E01003424,722
E01003425,735
E01003426,911
E01003427,1011
E01003428,733
E01003429,843
E01003430,750
E01003431,761
E01003432,736
E01003433,749
E01003434,758
E01003435,1009
E01003436,834
E01003437,1032
E01003438,880
E01003439,825
E01003440,778
E01003441,888
E01003442,770
E01003443,773
E01003444,832
E01003445,915
E01003446,1117
E01003447,822
E01003448,1236
E01003449,927
E01003450,825
E01003451,935
E01003452,1027
E01003453,911
E01003454,779
E01003455,1095
E01003456,962
E01003457,877
E01003458,1080
E01003459,1268
E01003460,624
E01003461,825
E01003462,603
E01003463,677
E01003464,563
E01003465,532
E01003466,910
E01003467,872
E01003468,898
E01003469,893
E01003470,1045
E01003471,893
E01003472,690
E01003473,838
E01003474,656
E01003476,693
E01003477,888
E01003478,1039
E01034578,530
E01034579,1166
E01034580,858
E01034581,1016
E01003479,760
E01003480,860
E01003481,654
E01003483,781
E01003484,915
E01003485,867
E01003486,455
E01003487,531
E01003488,717
E01003489,1255
E01003490,780
E01003491,770
E01003492,886
E01003494,963
E01003495,924
E01003496,680
E01003497,710
E01003498,865
E01003499,933
E01003500,990
E01003501,1073
E01003502,1150
E01003503,1661
E01003506,633
E01003507,1005
E01003508,1354
E01003509,910
E01003511,956
E01003512,983
E01003513,808
E01003514,727
E01003515,894
E01003516,817
E01003517,776
E01003518,813
E01003519,840
E01003520,790
E01003521,937
E01003522,716
E01003523,1047
E01003524,774
E01003525,808
E01003526,739
E01003527,795
E01003528,489
E01003529,1040
E01003530,848
E01003531,866
E01003532,1080
E01003533,847
E01003534,907
E01003535,640
E01003536,869
E01003537,937
E01003538,889
E01003539,1101
E01003540,833
E01003541,865
E01003542,863
E01003543,1162
E01003544,875
E01003545,916
E01003546,850
E01003547,974
E01003548,1195
E01003549,1064
E01003550,825
E01003551,910
E01003552,720
E01003553,896
E01003554,1026
E01003555,815
E01003556,723
E01003557,901
E01003558,711
E01003559,1379
E01003560,682
E01003561,697
E01003562,896
E01003563,943
E01003564,975
E01003565,802
E01003566,667
E01003567,805
E01003568,1048
E01003569,1130
E01003570,800
E01003571,836
E01003572,704
E01003573,897
E01003574,1012
E01003575,648
E01003576,686
E01003577,899
E01003578,759
E01003579,724
E01003580,746
E01003581,681
E01003582,586
E01003583,762
E01003584,849
E01003585,666
E01003586,764
E01003587,976
E01003588,620
E01003589,768
E01003590,662
E01003591,890
E01003592,831
E01003593,699
E01003594,836
E01003595,808
E01003596,739
E01003597,858
E01003598,786
E01003599,665
E01003600,745
E01003601,910
E01003602,1028
E01003603,879
E01003604,1015
E01003605,855
E01003607,895
E01003608,1008
E01003611,811
E01003615,843
E01003616,990
E01003618,1262
E01003619,1189
E01003621,702
E01003622,706
E01003623,730
E01003624,696
E01003625,732
E01003626,754
E01003627,679
E01003628,763
E01003629,838
E01003630,892
E01003631,939
E01003632,1295
E01003633,807
E01003634,782
E01003635,991
E01003636,1005
E01003637,1052
E01033579,1315
E01033580,953
E01033581,884
E01033582,949
E01033584,726
E01033586,1210
E01034199,903
E01034200,960
E01034201,651
E01034202,801
E01034203,787
E01034204,833
E01034205,796
E01034206,915
E01034207,1048
E01034208,753
E01034209,1049
E01034210,1011
E01034211,1152
E01034212,1352
E01034213,1040
E01034214,1091
E01034215,984
E01034216,1154
E01034217,1163
E01034218,967
E01034219,1102
E01034220,872
E01034221,926
E01034222,958
E01034223,955
E01034224,837
E01034225,799
E01034226,889
E01034227,777
E01034228,974
E01034229,930
E01034230,988
E01034231,973
E01003638,879
E01003639,1012
E01003640,930
E01003641,1043
E01003642,854
E01003643,1053
E01003644,763
E01003645,1301
E01003646,889
E01003647,963
E01003648,718
E01003649,758
E01003650,763
E01003651,737
E01003652,764
E01003653,964
E01003654,860
E01003655,903
E01003656,750
E01003657,1122
E01003658,802
E01003659,947
E01003660,928
E01003661,983
E01003662,996
E01003663,787
E01003664,841
E01003665,790
E01003666,1249
E01003668,980
E01003669,837
E01003670,722
E01003671,802
E01003672,852
E01003673,1068
E01003674,1358
E01003675,791
E01003676,925
E01003677,836
E01003678,779
E01003679,825
E01003680,792
E01003681,905
E01003682,853
E01003683,907
E01003684,756
E01003685,811
E01003686,776
E01003688,667
E01003689,923
E01003690,1026
E01003691,715
E01003692,762
E01003693,761
E01003694,632
E01003695,653
E01003696,856
E01003697,819
E01003698,773
E01003699,809
E01003700,1204
E01003701,971
E01003702,1218
E01003703,1209
E01003704,907
E01003705,1202
E01003706,762
E01003707,695
E01003708,892
E01003709,798
E01003710,670
E01003711,843
E01003712,562
E01003713,783
E01003714,1097
E01003715,982
E01003716,809
E01003718,891
E01003719,970
E01003720,853
E01003721,873
E01003722,1125
E01003723,922
E01003724,755
E01003725,815
E01003726,1338
E01003727,811
E01003729,687
E01003730,718
E01003731,586
E01003732,626
E01003733,726
E01003734,714
E01003735,742
E01003736,796
E01003737,1259
E01003738,1061
E01003739,1007
E01003740,962
E01003741,843
E01003742,1000
E01003743,781
E01003744,665
E01003745,667
E01003746,730
E01003747,588
E01003748,749
E01003749,858
E01003750,923
E01003751,1055
E01003752,1285
E01003753,899
E01003754,791
E01003755,1060
E01003756,1077
E01003757,911
E01003759,757
E01003760,993
E01003761,683
E01003762,918
E01003763,976
E01003764,1136
E01003765,1078
E01003766,927
E01003767,938
E01003768,783
E01003769,753
E01003770,1257
E01003771,732
E01003772,786
E01003773,794
E01003774,1023
E01003775,791
E01003776,863
E01003777,1087
E01003778,1146
E01003779,719
E01003780,758
E01003781,908
E01003782,714
E01003783,1035
E01003784,893
E01003785,836
E01003786,738
E01003787,739
E01003788,752
E01003789,774
E01003790,677
E01003791,695
E01003792,695
E01003793,773
E01003794,721
E01003795,582
E01003796,804
E01032581,885
E01033589,790
E01033590,537
E01033591,1265
E01033592,902
E01034480,525
E01034481,584
E01034482,564
E01034483,578
E01034484,687
E01003797,579
E01003798,622
E01003799,819
E01003800,680
E01003801,676
E01003802,640
E01003803,691
E01003804,957
E01003805,755
E01003806,660
E01003807,1067
E01003808,1000
E01003809,789
E01003810,849
E01003811,986
E01003812,990
E01003813,737
E01003814,981
E01003815,1051
E01003816,766
E01003817,886
E01003818,765
E01003819,774
E01003820,898
E01003821,890
E01003822,671
E01003823,855
E01003824,792
E01003825,871
E01003826,788
E01003827,1052
E01003828,657
E01003829,738
E01003830,921
E01003831,830
E01003832,633
E01003833,696
E01003834,881
E01003835,800
E01003836,592
E01003837,961
E01003838,946
E01003839,1159
E01003840,900
E01003841,946
E01003842,761
E01003843,966
E01003844,654
E01003845,818
E01003846,832
E01003847,965
E01003848,1068
E01003849,761
E01003851,773
E01003852,744
E01003853,643
E01003854,713
E01003855,980
E01003856,974
E01003857,1033
E01003858,891
E01003859,783
E01003860,1006
E01003861,1186
E01003862,926
E01003863,644
E01003864,719
E01003865,738
E01003866,905
E01003867,808
E01003868,910
E01003869,929
E01003870,1181
E01003871,902
E01003872,879
E01003873,909
E01003874,941
E01003875,735
E01003876,1068
E01003877,758
E01003878,619
E01003879,700
E01003880,771
E01003881,646
E01003882,1078
E01003883,1124
E01003884,824
E01003885,814
E01003886,842
E01003887,987
E01003888,969
E01003889,849
E01003890,849
E01003891,836
E01003892,977
E01003893,879
E01003894,939
E01003895,886
E01003896,1081
E01003897,1095
E01003898,918
E01003899,769
E01003900,788
E01003901,912
E01003902,690
E01003903,767
E01003904,818
E01003905,682
E01003906,874
E01003907,749
E01003908,912
E01003909,773
E01003910,812
E01033570,1001
E01033571,697
E01003911,1025
E01003912,696
E01003913,1231
E01003914,1124
E01003915,1082
E01003916,1360
E01003917,1053
E01003918,749
E01003919,891
E01003920,1054
E01003921,1191
E01003922,1167
E01003923,944
E01003924,982
E01003925,1080
E01003926,687
E01003929,1272
E01003930,898
E01003932,780
E01003933,1312
E01003934,1163
E01003935,494
E01003936,944
E01003937,988
E01003938,887
E01003939,1123
E01003940,768
E01003941,1286
E01003942,753
E01003943,779
E01003945,932
E01003946,912
E01003947,636
E01003948,1005
E01003949,1061
E01003950,947
E01003951,654
E01003952,999
E01003953,1318
E01003954,932
E01003955,1079
E01003956,1062
E01003957,1042
E01003958,1016
E01003960,1016
E01003961,896
E01003963,791
E01003966,1102
E01003969,1512
E01003971,583
E01003972,768
E01003973,902
E01003975,889
E01003976,1405
E01003977,968
E01003979,1083
E01003980,981
E01003981,729
E01003983,779
E01003984,1316
E01003986,710
E01003987,874
E01003988,949
E01003989,1163
E01003990,1114
E01003991,549
E01003992,680
E01003993,968
E01003994,1068
E01003995,693
E01003997,676
E01003998,809
E01003999,781
E01004000,1049
E01004001,750
E01004002,906
E01004003,899
E01004004,1440
E01004005,1173
E01004006,993
E01004007,670
E01004008,1017
E01004010,800
E01004011,1019
E01004012,1236
E01004013,903
E01004014,949
E01004015,912
E01004016,1422
E01004017,923
E01004018,1122
E01004019,1159
E01004020,848
E01004021,1413
E01004023,907
E01004024,948
E01004028,1342
E01004029,1352
E01004030,877
E01004031,1615
E01004032,1052
E01004033,1373
E01004034,815
E01004035,686
E01004036,1010
E01004037,1067
E01004038,1313
E01004039,860
E01004040,758
E01004041,795
E01004042,933
E01004043,731
E01004044,671
E01004045,713
E01004046,888
E01004047,890
E01004048,915
E01004049,670
E01004050,901
E01004051,788
E01004052,1115
E01004053,1292
E01004054,1084
E01004055,607
E01004056,1407
E01004057,1294
E01004058,1285
E01004059,1446
E01004060,1096
E01004061,1057
E01004062,1297
E01004063,1163
E01004064,1074
E01004065,942
E01004066,1091
E01004067,1159
E01004068,938
E01004069,604
E01004070,987
E01004071,857
E01004072,914
E01004073,1016
E01004074,836
E01004075,850
E01032583,1106
E01032584,681
E01032637,771
E01032638,854
E01032639,1116
E01032640,828
E01032646,1058
E01032719,815
E01032803,1086
E01032834,798
E01033867,762
E01033868,736
E01033869,725
E01033870,1235
E01033871,805
E01033872,793
E01033873,827
E01033874,690
E01033875,726
E01033876,858
E01033877,885
E01033878,516
E01033879,993
E01033880,1286
E01033881,826
E01033882,747
E01033883,852
E01033884,715
E01033885,738
E01004076,803
E01004077,785
E01004078,896
E01004079,750
E01004080,693
E01004081,850
E01004082,715
E01004083,618
E01004084,670
E01004085,777
E01004086,984
E01004087,740
E01004088,761
E01004089,539
E01004090,553
E01004091,598
E01004092,706
E01004093,767
E01004094,970
E01004095,763
E01004096,874
E01004097,862
E01004098,667
E01004099,868
E01004100,753
E01004101,699
E01004102,785
E01004103,976
E01004104,719
E01004105,911
E01004106,769
E01004107,787
E01004108,1014
E01004109,816
E01004110,1008
E01004111,822
E01004112,779
E01004114,778
E01004115,933
E01004116,735
E01004117,798
E01004118,883
E01004119,730
E01004120,763
E01004121,788
E01004122,683
E01004123,1105
E01004124,976
E01004125,727
E01004126,740
E01004127,903
E01004128,734
E01004129,842
E01004130,900
E01004131,972
E01004132,834
E01004133,817
E01004134,778
E01004135,691
E01004136,819
E01004137,1511
E01004138,948
E01004139,823
E01004140,879
E01004141,830
E01004143,832
E01004144,893
E01004145,1130
E01004146,1040
E01004147,750
E01004148,738
E01004149,919
E01004150,1033
E01004151,1009
E01004152,852
E01004153,989
E01004154,662
E01004155,996
E01004156,1087
E01004157,616
E01004158,830
E01004159,842
E01004160,918
E01004161,803
E01004162,926
E01004163,912
E01004164,793
E01004165,947
E01004166,811
E01004167,704
E01004168,832
E01004169,914
E01004170,1157
E01004171,770
E01004172,927
E01004173,666
E01004174,815
E01004175,955
E01004176,829
E01004177,720
E01004178,1141
E01004179,840
E01004180,837
E01004181,785
E01004182,764
E01004183,890
E01004184,755
E01004185,1001
E01004186,975
E01004187,807
E01004189,965
E01004190,693
E01004191,930
E01004192,983
E01004193,1436
E01004194,815
E01004195,875
E01004196,787
E01032623,788
E01034153,759
E01034154,992
E01034155,1027
E01034156,812
E01004198,633
E01004199,697
E01004200,883
E01004201,901
E01004202,1145
E01004203,980
E01004204,890
E01004205,885
E01004206,574
E01004207,654
E01004208,1125
E01004209,517
E01004211,956
E01004212,1032
E01004214,652
E01004216,968
E01004217,1027
E01004218,1062
E01004219,1353
E01004221,1092
E01004222,1160
E01004223,958
E01004226,1175
E01004228,1140
E01004229,718
E01004230,1099
E01004231,740
E01004232,1021
E01004233,1000
E01004234,1533
E01004235,510
E01004236,580
E01004237,709
E01004239,675
E01004240,662
E01004241,613
E01004243,579
E01004244,830
E01004245,1448
E01004247,1095
E01004248,703
E01004249,900
E01004251,1144
E01004255,744
E01004256,646
E01004257,853
E01004258,843
E01004259,1032
E01004260,740
E01004263,579
E01004264,523
E01004266,735
E01004267,1134
E01004268,761
E01004270,1312
E01004271,1175
E01004272,1178
E01004274,887
E01004275,1144
E01004276,1393
E01004277,1107
E01004280,941
E01004281,1219
E01004283,961
E01004286,1054
E01004287,864
E01004288,688
E01004289,839
E01004290,971
E01004291,1228
E01004292,1156
E01004293,1344
E01004295,833
E01004296,1348
E01004297,1270
E01004298,652
E01004300,580
E01004301,626
E01004302,701
E01004303,1236
E01004304,827
E01004305,774
E01004306,926
E01004307,1308
E01004308,696
E01004309,1221
E01004310,1001
E01004311,875
E01004312,612
E01004313,1020
E01004315,793
E01004316,569
E01004319,1098
E01004321,1029
E01004322,653
E01004323,724
E01004324,652
E01004326,943
E01032764,1422
E01032765,923
E01032767,1139
E01032768,1000
E01032769,851
E01032770,1465
E01032771,963
E01032772,1247
E01032774,932
E01032775,807
E01032776,1360
E01032777,754
E01032779,892
E01032780,1352
E01032781,1020
E01032782,1405
E01032783,722
E01032784,1069
E01032785,1459
E01032786,681
E01032787,1060
E01035657,843
E01035658,863
E01035659,767
E01035660,783
E01035661,689
E01035662,952
E01035663,748
E01035664,1305
E01035665,959
E01035666,1019
E01035667,841
E01035668,1192
E01035669,876
E01035670,1261
E01035671,1226
E01035672,1185
E01035673,604
E01035674,713
E01035675,778
E01035676,578
E01035677,763
E01035678,995
E01035679,791
E01035680,1024
E01035681,768
E01035682,615
E01035683,602
E01035684,703
E01035685,469
E01035686,777
E01035687,846
E01035688,753
E01035689,874
E01035690,1277
E01035691,1300
E01035692,763
E01035693,845
E01035694,968
E01035695,707
E01035696,813
E01035697,984
E01035698,607
E01035699,1004
E01035700,909
E01035701,911
E01035702,810
E01035703,658
E01035704,760
E01035705,656
E01035706,760
E01004327,691
E01004328,984
E01004329,985
E01004330,921
E01004331,854
E01004332,999
E01004333,797
E01004334,875
E01004335,782
E01004336,843
E01004337,860
E01004338,1216
E01004339,1084
E01004340,896
E01004341,931
E01004342,1053
E01004343,967
E01004344,873
E01004345,956
E01004346,909
E01004347,1178
E01004348,1619
E01004349,700
E01004350,721
E01004351,801
E01004352,937
E01004353,893
E01004354,1013
E01004355,761
E01004356,797
E01004357,738
E01004358,970
E01004359,844
E01004360,629
E01004361,698
E01004362,892
E01004363,826
E01004364,876
E01004365,1147
E01004366,1000
E01004367,771
E01004368,1103
E01004369,1011
E01004370,1239
E01004371,876
E01004372,1049
E01004373,938
E01004374,1121
E01004375,1083
E01004376,1056
E01004377,891
E01004378,911
E01004379,1074
E01004380,822
E01004381,1076
E01004382,781
E01004383,840
E01004384,882
E01004385,718
E01004386,878
E01004387,735
E01004388,789
E01004389,794
E01004390,714
E01004391,1335
E01004392,1405
E01004393,858
E01004394,1024
E01004395,926
E01004396,1059
E01004397,1669
E01004398,880
E01004399,760
E01004400,954
E01004401,1285
E01004402,847
E01004403,1275
E01004404,1355
E01004405,821
E01004406,999
E01004407,637
E01004408,941
E01004409,907
E01004410,849
E01004411,1201
E01004412,1026
E01004413,682
E01004414,867
E01004415,698
E01004416,936
E01004417,859
E01004418,841
E01004419,1279
E01004420,1098
E01004421,968
E01004422,1385
E01004423,910
E01004424,1013
E01004425,1099
E01004426,895
E01004427,1106
E01004428,836
E01004429,919
E01004430,1633
E01004432,983
E01004434,951
E01004435,996
E01004436,816
E01004437,958
E01004438,1241
E01004439,897
E01004440,1195
E01004441,840
E01004442,897
E01004443,1208
E01004444,1548
E01004445,1083
E01004446,1417
E01004447,1013
E01004448,1035
E01004449,753
E01004450,840
E01004451,870
E01004452,903
E01004453,848
E01004454,905
E01004455,818
E01004456,689
E01004457,1096
E01004458,1033
E01004459,620
E01004460,1071
E01004462,1213
E01004463,1227
E01004464,798
E01004465,840
E01004466,971
E01004467,1109
E01004468,951
E01004469,805
E01004470,820
E01004471,827
E01034485,1174
E01034486,1211
E01034487,559
E01034488,694
E01004472,1164
E01004473,1161
E01004474,1487
E01004475,939
E01004476,1246
E01004477,859
E01004478,801
E01004479,871
E01004480,1232
E01004481,1165
E01004482,988
E01004483,1423
E01004484,1005
E01004485,1115
E01004486,995
E01004487,950
E01004488,758
E01004489,747
E01004490,981
E01004491,1456
E01004492,1035
E01004493,1229
E01004494,1121
E01004495,817
E01004496,1370
E01004497,771
E01004498,1147
E01004499,1037
E01004500,1300
E01004501,831
E01004502,998
E01004503,1035
E01004504,833
E01004505,956
E01004506,1496
E01004507,1737
E01004508,1450
E01004510,1227
E01004511,1079
E01004512,842
E01004513,1176
E01004514,1172
E01004515,1156
E01004516,775
E01004517,1328
E01004518,913
E01004519,892
E01004520,675
E01004521,1091
E01004522,940
E01004523,826
E01004524,802
E01004525,1139
E01004526,1046
E01004527,920
E01004528,812
E01004529,1338
E01004530,1067
E01004531,927
E01004532,842
E01004533,814
E01004534,1275
E01004535,695
E01004536,1220
E01004537,1122
E01004538,1375
E01004539,973
E01004540,1332
E01004541,785
E01004542,935
E01004543,1093
E01004544,883
E01004545,1534
E01004546,977
E01004547,782
E01004548,1321
E01004549,944
E01004550,671
E01004551,1103
E01004552,1528
E01004553,1188
E01004554,1036
E01004555,919
E01004556,881
E01004557,935
E01004558,1027
E01004559,753
E01004560,1185
E01004563,1134
E01004564,1241
E01004565,1100
E01004566,1102
E01004567,1153
E01004568,522
E01004569,943
E01004570,834
E01004571,877
E01004572,803
E01004573,877
E01004574,811
E01004575,721
E01004576,675
E01004577,1075
E01004579,1079
E01004580,1289
E01004581,1076
E01004582,1182
E01004583,897
E01004584,800
E01004585,1250
E01004586,1371
E01004587,1153
E01004588,1499
E01004589,1188
E01004590,986
E01004591,1163
E01004592,937
E01004593,1164
E01004594,977
E01004595,1147
E01004596,927
E01004597,1046
E01004598,1469
E01004599,840
E01004601,1490
E01004602,1039
E01004604,809
E01004605,930
E01004606,1146
E01004607,928
E01004608,1044
E01004609,1490
E01004610,1197
E01004611,883
E01004612,857
E01004613,835
E01004614,1215
E01004615,733
E01004616,1244
E01004617,1037
E01004618,890
E01004619,730
E01004620,1051
E01004621,997
E01004622,740
E01004623,1091
E01004624,914
E01004625,624
E01004626,1078
E01004627,881
E01004628,1179
E01004629,815
E01004630,787
E01004631,995
E01004632,846
E01004633,735
E01004634,788
E01004635,868
E01004636,750
E01004637,782
E01004638,654
E01004639,968
E01004640,1026
E01004641,964
E01004642,1126
E01004643,1121
E01004644,1315
E01004645,917
E01033098,1155
E01033099,1239
E01033100,1162
E01033132,1350
E01033133,828
E01033135,754
E01035488,1058
E01035489,914
E01035490,1035
E01035491,952
E01035492,1238
E01035493,1092
E01035494,1430
E01035495,562
E01035496,715
E01035497,814
E01035498,847
E01035499,723
E01004646,660
E01004647,628
E01004648,1239
E01004649,638
E01004650,974
E01004651,1026
E01004652,899
E01004653,1105
E01004654,1533
E01004656,1049
E01004657,786
E01004658,797
E01004659,879
E01004660,728
E01004661,1099
E01004662,741
E01004663,697
E01004665,552
E01004668,687
E01004669,773
E01004670,776
E01004674,877
E01004675,1060
E01004676,862
E01004677,969
E01004678,946
E01004679,948
E01004680,637
E01004681,1118
E01004682,658
E01004683,851
E01004684,449
E01004686,639
E01004687,650
E01004690,512
E01004691,642
E01004692,445
E01004693,607
E01004694,862
E01004695,561
E01004696,654
E01004697,812
E01004698,765
E01004699,1077
E01004700,849
E01004701,878
E01004702,1064
E01004703,989
E01004705,735
E01004706,943
E01004707,1177
E01004708,875
E01004709,787
E01004710,854
E01004711,872
E01004712,776
E01004713,759
E01004714,978
E01004715,826
E01004716,594
E01004717,787
E01004718,926
E01004719,867
E01004720,984
E01004721,730
E01004722,1029
E01004723,1063
E01004724,975
E01004725,511
E01004726,812
E01004727,816
E01004728,705
E01004729,604
E01004730,705
E01004731,1238
E01004732,519
E01004733,1132
E01004734,893
E01004735,974
E01004736,872
E01004737,588
E01004740,560
E01004741,722
E01004742,838
E01004743,746
E01004744,645
E01004746,558
E01004747,1155
E01004748,565
E01004749,1252
E01004750,717
E01004751,907
E01004752,785
E01004753,1033
E01004754,658
E01004755,1166
E01004756,854
E01004757,651
E01004760,843
E01004761,629
E01004762,761
E01004763,1178
E01004765,972
E01032512,869
E01032513,494
E01033593,903
E01033594,696
E01033597,500
E01033598,466
E01033599,567
E01033601,736
E01033602,520
E01033603,589
E01033604,515
E01033605,598
E01035715,1709
E01035716,1181
E01035717,1100
E01035718,926
E01035719,680
E01035720,677
E01035721,1082
E01035722,1182
